﻿type;contenu;reponse;themes;intitule
image;lalaland.jpg;Lalaland;Films & Séries|Image de Film;Quel est ce film ?
texte;Quelle est la capitale de l'Albanie ?;Tirana;Géographie|Capitales;
texte;Quelle est la capitale de l'Allemagne ?;Berlin;Géographie|Capitales;
texte;Quelle est la capitale d'Andorre ?;Andorre-la-Vieille|Andorre la Vieille;Géographie|Capitales;
texte;Quelle est la capitale de l'Autriche ?;Vienne;Géographie|Capitales;
texte;Quelle est la capitale de la Belgique ?;Bruxelles;Géographie|Capitales;
texte;Quelle est la capitale de la Biélorussie ?;Minsk;Géographie|Capitales;
texte;Quelle est la capitale de la Bosnie-Herzégovine ?;Sarajevo;Géographie|Capitales;
texte;Quelle est la capitale de la Bulgarie ?;Sofia;Géographie|Capitales;
texte;Quelle est la capitale de la Croatie ?;Zagreb;Géographie|Capitales;
texte;Quelle est la capitale du Danemark ?;Copenhague;Géographie|Capitales;
texte;Quelle est la capitale de l'Espagne ?;Madrid;Géographie|Capitales;
texte;Quelle est la capitale de l'Estonie ?;Tallinn;Géographie|Capitales;
texte;Quelle est la capitalede la Finlande ?;Helsinki;Géographie|Capitales;
texte;Quelle est la capitale de la France ?;Paris;Géographie|Capitales;
texte;Quelle est la capitale de la Grèce ? ;Athènes|Athenes;Géographie|Capitales;
texte;Quelle est la capitale de la Hongrie ? ;Budapest;Géographie|Capitales;
texte;Quelle est la capitale de l'Irlande ?;Dublin;Géographie|Capitales;
texte;Quelle est la capitale de l'Islande ? ;Reykjavik;Géographie|Capitales;
texte;Quelle est la capitale de l'Italie ?;Rome;Géographie|Capitales;
texte;Quelle est la capitale du Kosovo ?;Pristina;Géographie|Capitales;
texte;Quelle est la capitale de la Lettonie ?;Riga;Géographie|Capitales;
texte;Quelle est la capitale du Liechtenstein ?;Vaduz;Géographie|Capitales;
texte;Quelle est la capitale de la Lituanie ?;Vilnius;Géographie|Capitales;
texte;Quelle est la capitale du Luxembourg ?;Luxembourg;Géographie|Capitales;
texte;Quelle est la capitale de la Macédoine du Nord ?;Skopje;Géographie|Capitales;
texte; Quelle est la capitale de Malte ?;La Valette;Géographie|Capitales;
texte;Quelle est la capitale de la Moldavie ?;Chisinau|Chișinău;Géographie|Capitales;
texte;Quelle est la capitale de Monaco ?;Monaco;Géographie|Capitales;
texte;Quelle est la capitale du Montenégro ?;Podgorica;Géographie|Capitales;
texte;Quelle est la capitale de la Norvège ?;Oslo;Géographie|Capitales;
texte;Quelle est la capitale des Pays-Bas ?;Amsterdam;Géographie|Capitales;
texte;Quelle est la capitale de la Pologne ?;Varsovie;Géographie|Capitales;
texte;Quelle est la capitale du Portugal ?;Lisbonne;Géographie|Capitales;
texte;Quelle est la capitale de la République Tchèque ?;Prague;Géographie|Capitales;
texte;Quelle est la capitale de la Roumanie ?;Bucarest;Géographie|Capitales;
texte;Quelle est la capitale du Royaume-Uni ?;Londres;Géographie|Capitales;
texte;Quelle est la capitale de la Russie ? ;Moscou;Géographie|Capitales;
texte;Quelle est la capitale de Saint-Marin ?;Saint-Marin|Saint marin;Géographie|Capitales;
texte;Quelle est la capitale de la Serbie ?;Belgrade;Géographie|Capitales;
texte;Quelle est la capitale de la Slovaquie ?;Bratislava;Géographie|Capitales;
texte;Quelle est la capitale de la Slovénie ?;Ljubljana;Géographie|Capitales;
texte;Quelle est la capitale de la Suède ?;Stockholm;Géographie|Capitales;
texte;Quelle est la capitale de la Suisse ?;Berne;Géographie|Capitales;
texte;Quelle est la capitale de l'Ukraine ?;Kiev;Géographie|Capitales;
texte;Quelle est la capitale du Vatican ? ;Vatican;Géographie|Capitales;
texte;Quelle est la capitale d'Antigua et Barbuda ?;Saint John's|Saint Johns;Géographie|Capitales;
texte;Quelle est la capitale des Bahamas ?;Nassau;Géographie|Capitales;
texte;Quelle est la capitale de la Barbarde ?;Bridgetown;Géographie|Capitales;
texte;Quelle est la capitale du Belize ?;Belmopan;Géographie|Capitales;
texte;Quelle est la capitale  du Canada ?;Ottawa;Géographie|Capitales;
texte;Quelle est la capitale du Costa Rica ?;San José|San Jose;Géographie|Capitales;
texte;Quelle est la capitale de Cuba ?;La Havane;Géographie|Capitales;
texte;Quelle est la capitale de la Dominique ?;Roseau;Géographie|Capitales;
texte;Quelle est la capitale des États-Unis ?;Washington;Géographie|Capitales;
texte;Quelle est la capitale de la Grenade ?;Saint George's|Saint Georges;Géographie|Capitales;
texte;Quelle est la capitale du Guatemala ? ;Guatemala |Guatemala City;Géographie|Capitales;
texte;Quelle est la capitale de Haïti ?;Port au Prince|Port-au-Prince;Géographie|Capitales;
texte;Quelle est la capitale du Honduras ?;Tegucigalpa;Géographie|Capitales;
texte;Quelle est la capitale de la Jamaïque ?;Kingston;Géographie|Capitales;
texte;Quelle est la capitale du Mexique ? ;Mexico|Mexico city;Géographie|Capitales;
texte;Quelle est la capitale du Nicaragua ?;Managua;Géographie|Capitales;
texte;Quelle est la capitale du Panama ?;Panama;Géographie|Capitales;
texte;Quelle est la capitale de la République Dominicaine ?;Saint Domingue;Géographie|Capitales;
texte;Quelle est la capitale de Saint-Chistophe-et-Niévès ?;Basseterre;Géographie|Capitales;
texte;Quelle est la capitale de Saint-Vincent-et-les-Grenadines ? ;Kingstown;Géographie|Capitales;
texte;Quelle est la capitale de Sainte-Lucie ?;Castries;Géographie|Capitales;
texte;Quelle est la capitale du Salvador ?;San Salvador;Géographie|Capitales;
texte;Quelle est la capitale de Trinité-et-Tobago ?;Port d'Espagne|port;Géographie|Capitales;
texte;Quelle est la capitale de l'Argentine ?;Buenos Aires;Géographie|Capitales;
texte;Quelle est la capitale de la Bolivie ? ;Sucre|La Paz;Géographie|Capitales;
texte;Quelle est la capitale du Brésil ?;Brasilia;Géographie|Capitales;
texte;Quelle est la capitale du Chili ?;Santiago;Géographie|Capitales;
texte;Quelle est la capitale de la Colombie ?;Bogota;Géographie|Capitales;
texte;Quelle est la capitale de l'Équateur ?;Quito;Géographie|Capitales;
texte;Quelle est la capitale du Guyana ?;Georgetown;Géographie|Capitales;
texte;Quelle est la capitale du Paraguay ?;Asuncion|Asunción;Géographie|Capitales;
texte;Quelle est la capitale du Pérou ?;Lima;Géographie|Capitales;
texte;Quelle est la capitale du Suriname ? ;Paramaribo;Géographie|Capitales;
texte;Quelle est la capitale de l'Uruguay ?;Montevideo|Montévidéo;Géographie|Capitales;
texte;Quelle est la capitale du Venezuela ?;Caracas|Santiago de León de Caracas;Géographie|Capitales;
texte;Quelle est la capitale  de l'Afghanistan ?;Kaboul;Géographie|Capitales;
texte;Quelle est la capitale de l'Arabie Saoudite ?;Riyad;Géographie|Capitales;
texte;Quelle est la capitale de l'Arménie ?;Erevan;Géographie|Capitales;
texte;Quelle est la capitale de l'Azerbaïdjan ?;Bakou;Géographie|Capitales;
texte;Quelle est la capitale du Bahreïn ?;Manama;Géographie|Capitales;
texte;Quelle est la capitale du Bangladesh ?;Dacca;Géographie|Capitales;
texte;Quelle est la capitale du Bhoutan ?;Thimphou;Géographie|Capitales;
texte;Quelle est la capitale du Myanmar ? ;Naypyidaw|Nay Pyi Taw|Ne Pyi Daw;Géographie|Capitales;
texte;Quelle est la capitale du Brunei ?;Bandar Seri Begawan;Géographie|Capitales;
texte;Quelle est la capitale du Cambodge ?;Phnom Penh;Géographie|Capitales;
texte;Quelle est la capitale de la Chine ?;Pékin|Pekin;Géographie|Capitales;
texte;Quelle est la capitale de Chypre ?;Nicosie;Géographie|Capitales;
texte;Quelle est la capitale de la Corée du Nord ?;Pyongyang;Géographie|Capitales;
texte;Quelle est la capitale de la Corée du Sud ?;Séoul|Seoul;Géographie|Capitales;
texte;Quelle est la capitale des Émirats Arabes Unis ?;Abou Dabi ;Géographie|Capitales;
texte;Quelle est la capitale de la Géorgie ?;Tbilissi;Géographie|Capitales;
texte;Quelle est la capitale de l'Inde ? ;New Delhi;Géographie|Capitales;
texte;Quelle est la capitale de l'Indonésie ?;Nusantara;Géographie|Capitales;
texte;Quelle est la capitale  de l'Irak ?;Bagdad;Géographie|Capitales;
texte;Quelle est la capitale de l'Iran ?;Téhéran|Teheran;Géographie|Capitales;
texte;Quelle est la capitale d'Israël ?;Jérusalem|Tel Aviv|Jerusalem;Géographie|Capitales;
texte;Quelle est la capitale du Japon ?;Tokyo;Géographie|Capitales;
texte;Quelle est la capitale de la Jordanie ?;Amman;Géographie|Capitales;
texte;Quelle est la capitale du Kazakhstan ?;Astana;Géographie|Capitales;
texte;Quelle est la capitale du Kirghizistan ?;Bichkek;Géographie|Capitales;
texte;Quelle est la capitale du Koweït ?;Koweit|Koweït;Géographie|Capitales;
texte;Quelle est la capitale du Laos ?;Vientiane;Géographie|Capitales;
texte;Quelle est la capitale du Liban ? ;Beyrouth;Géographie|Capitales;
texte;Quelle est la capitale de la Malaisie ?;Kuala Lumpur;Géographie|Capitales;
texte;Quelle est la capitale des Maldives ?;Malé;Géographie|Capitales;
texte;Quelle est la capitale de la Mongolie ?;Oulan Bator|Oulan-Bator;Géographie|Capitales;
texte;Quelle est la capitale du Népal ?;Katmandou;Géographie|Capitales;
texte;Quelle est la capitale de l'Oman ?;Mascate;Géographie|Capitales;
texte;Quelle est la capitale de l'Ouzbékistan ?;Tachkent ;Géographie|Capitales;
texte;Quelle est la capitale du Pakistan ?;Islamabad;Géographie|Capitales;
texte;Quelle est la capitale des Philippines ?;Manille;Géographie|Capitales;
texte;Quelle est la capitale du Qatar ?;Doha ;Géographie|Capitales;
texte;Quelle est la capitale de Singapour ?;Singapour;Géographie|Capitales;
texte;Quelle est la capitale du Sri Lanka ?;Sri JayawardenapuraKotte|Kotte;Géographie|Capitales;
texte;Quelle est la capitale de la Syrie ?;Damas;Géographie|Capitales;
texte;Quelle est la capitale du Tadjikistan ?;Douchanbé|Douchanbe;Géographie|Capitales;
texte;Quelle est la capitale de Taïwan ?;Taipei|Nanjing ;Géographie|Capitales;
texte;Quelle est la capitale de la Thaïlande ? ;Bangkok;Géographie|Capitales;
texte;Quelle est la capitale du Timor Oriental ?;Dili;Géographie|Capitales;
texte;Quelle est la capitale du Turkménistan ?;Achgabat;Géographie|Capitales;
texte;Quelle est la capitale de la Turquie ?;Ankara;Géographie|Capitales;
texte;Quelle est la capitale du Viêt Nam ?;Hanoï|Hanoi;Géographie|Capitales;
texte;Quelle est la capitale du Yémen ?;Sanaa;Géographie|Capitales;
texte;Quelle est la capitale de l'Afrique du Sud ?;Pretoria|Le Cap|Bloemfontein;Géographie|Capitales;
texte;Quelle est la capitale de l'Algérie ?;Alger;Géographie|Capitales;
texte;Quelle est la capitale de l'Angola ?;Luanda;Géographie|Capitales;
texte;Quelle est la capitale du Bénin ? ;Porto Novo;Géographie|Capitales;
texte;Quelle est la capitale du Botswana ?;Gaborone ;Géographie|Capitales;
texte;Quelle est la capitale du Burkina Faso ?;Ouagadougou;Géographie|Capitales;
texte;Quelle est la capitale du Burundi ?;Gitega;Géographie|Capitales;
texte;Quelle est la capitale du Cameroun ?;Yaoundé|Yaounde;Géographie|Capitales;
texte;Quelle est la capitale du Cap-Vert ?;Praia;Géographie|Capitales;
texte;Quelle est la capitale des Comores ?;Moroni;Géographie|Capitales;
texte;Quelle est la capitale de la Côte d'Ivoire ?;Yamoussoukro;Géographie|Capitales;
texte;Quelle est la capitale du Djibouti ?;Djibouti;Géographie|Capitales;
texte;Quelle est la capitale de l'Égypte ?;Le Caire ;Géographie|Capitales;
texte;Quelle est la capitale de l'Érythrée ?;Asmara;Géographie|Capitales;
texte;Quelle est la capitale de l'Eswatini ?;Mbabane;Géographie|Capitales;
texte;Quelle est la capitale de l'Éthiopie ?;Addis Abeba;Géographie|Capitales;
texte;Quelle est la capitale du Gabon ?;Libreville;Géographie|Capitales;
texte;Quelle est la capitale de la Gambie ?;Banjul ;Géographie|Capitales;
texte;Quelle est la capitale du Ghana ? ;Accra;Géographie|Capitales;
texte;Quelle est la capitale de la Guinée ?;Conakry;Géographie|Capitales;
texte;Quelle est la capitale de la Guinée Équatoriale ?;Malabo;Géographie|Capitales;
texte;Quelle est la capitale de la Guinée-Bissau ?;Bissau;Géographie|Capitales;
texte;Quelle est la capitale du Kenya ?;Nairobi;Géographie|Capitales;
texte;Quelle est la capitale du Lesotho ?;Maseru;Géographie|Capitales;
texte;Quelle est la capitale du Liberia ?;Monrovia;Géographie|Capitales;
texte;Quelle est la capitale de la Lybie ?;Tripoli;Géographie|Capitales;
texte;Quelle est la capitale de Madagascar ?;Antananarivo;Géographie|Capitales;
texte;Quelle est la capitale du Malawi ?;Lilongwe;Géographie|Capitales;
texte;Quelle est la capitale du Mali ? ;Bamako;Géographie|Capitales;
texte;Quelle est la capitale du Maroc ? ;Rabat;Géographie|Capitales;
texte;Quelle est la capitale de l'Île Maurice ?;Port Louis;Géographie|Capitales;
texte;Quelle est la capitale de la Mauritanie ?;Nouakchott;Géographie|Capitales;
texte;Quelle est la capitale du Mozambique ?;Maputo;Géographie|Capitales;
texte;Quelle est la capitale de la Namibie ? ;Windhoek;Géographie|Capitales;
texte;Quelle est la capitale du Niger ?;Niamey;Géographie|Capitales;
texte;Quelle est la capitale du Nigeria ?;Abuja;Géographie|Capitales;
texte;Quelle est la capitale de l'Ouganda ?;Kampala;Géographie|Capitales;
texte;Quelle est la capitale de la République Centrafricaine ?;Bangui;Géographie|Capitales;
texte;Quelle est la capitale de la République Démocratique du Congo ?;Kinshasa;Géographie|Capitales;
texte;Quelle est la capitale de la République du Congo ?;Brazzaville;Géographie|Capitales;
texte;Quelle est la capitale du Rwanda ?;Kigali;Géographie|Capitales;
texte;Quelle est la capitale de Sao Tomé-et-Principe ?;Sao Tomé|Sao Tome;Géographie|Capitales;
texte;Quelle est la capitale du Sénégal ?;Dakar;Géographie|Capitales;
texte;Quelle est la capitale des Seychelles ?;Victoria ;Géographie|Capitales;
texte;Quelle est la capitale du Sierra Leone ?;Freetown;Géographie|Capitales;
texte;Quelle est la capitale de la Somalie ?;Mogadiscio;Géographie|Capitales;
texte;Quelle est la capitale du Soudan ?;Khartoum;Géographie|Capitales;
texte;Quelle est la capitale du Soudan du Sud ? ;Djouba;Géographie|Capitales;
texte;Quelle est la capitale de la Tanzanie ?;Dodoma;Géographie|Capitales;
texte;Quelle est la capitale du Tchad ? ;Ndjamena ;Géographie|Capitales;
texte;Quelle est la capitale du Togo ?;Lomé|Lome;Géographie|Capitales;
texte;Quelle est la capitale de la Tunisie ?;Tunis;Géographie|Capitales;
texte;Quelle est la capitale de la Zambie ?;Lusaka ;Géographie|Capitales;
texte;Quelle est la capitale du Zimbabwe ? ;Harare;Géographie|Capitales;
texte;Quelle est la capitale de l'Australie ?;Canberra;Géographie|Capitales;
texte;Quelle est la capitale des États Fédérés de Micronésie ?;Palikir;Géographie|Capitales;
texte;Quelle est la capitale de Fidji ?;Suva;Géographie|Capitales;
texte;Quelle est la capitale des Îles Marshall ?;Majuro;Géographie|Capitales;
texte;Quelle est la capitale des Îles Salomon ?;Honiara;Géographie|Capitales;
texte;Quelle est la capitale du Kiribati ?;Tarawa Sud;Géographie|Capitales;
texte;Quelle est la capitale (non officielle) de Nauru ?;Yaren;Géographie|Capitales;
texte;Quelle est la capitale de la Nouvelle-Zélande ?;Wellington;Géographie|Capitales;
texte;Quelle est la capitale des Palaos ?;Ngerulmud;Géographie|Capitales;
texte;Quelle est la capitale de la Papouasie-Nouvelle-Guinée ?;Port Moresby;Géographie|Capitales;
texte;Quelle est la capitale des Samoa ?;Apia;Géographie|Capitales;
texte;Quelle est la capitale des Tonga ?;Nuku'alofa|Nukualofa;Géographie|Capitales;
texte;Quelle est la capitale des Tuvalu ?;Funafuti;Géographie|Capitales;
texte;Quelle est la capitale du Vanuatu ?;Port Vila|Port-Vila;Géographie|Capitales;
texte;Quel est le premier long-métrage d'animation de Disney ?;Blanche Neige et les Sept Nains|Blanche Neige et les 7 Nains|Blanche-Neige et les Sept Nains|Blanche-Neige et les 7 Nains;Films & Séries|Disney|Films d'animation;
texte;"Dans le film ""Le quai des brumes"", à quelle actrice française est adressée la réplique ""T'as de beaux yeux tu sais"" par Jean Gabin ?";Michèle Morgan|Morgan|Michele Morgan;Films & Séries;
texte;"Quel acteur a joué dans ces films : ""Comme un prince"", ""Inséparables"", ""L'Ascension""";Ahmed Sylla|Sylla;Films & Séries;
texte;"Quel acteur joue le coach de boxe dans le film ""Million Dollar Baby"" ?";Clint Eastwood|Eastwood;Films & Séries;
texte;"Quel acteur a joué dans ces films : ""Minecraft le film"", ""Jumanji"", ""Rock Academy""";Jack Black|Black;Films & Séries;
texte;Quel acteur incarne Deadpool ?;Ryan Reynolds|Ryan Reynolds;Films & Séries|Marvel;
texte;"Qui est l'acteur et réalisateur du film ""La fureur du dragon"" ?";Bruce Lee|Lee;Films & Séries;
texte;"Qual acteur a joué dans ces films : ""L'amour ouf"", ""Bac Nord"", ""Pas de vagues""";Francois Civil|Civil|François Civil;Films & Séries;
texte;"Quel acteur a joué dans ces films : ""Oppenheimer"", ""28 jours plus tard"", ""Inception""";Cillian Murphy|Murphy;Films & Séries;
texte;Quel acteur incarne Luke Skywalker dans les films Star Wars ?;Mark Hamill|Hamill;Films & Séries|Star Wars;
texte;"Quel acteur est le personnage principal du film ""The Greatest Showman"" (2017)";Hugh Jackman|Jackman;Films & Séries;
texte;"Qui est l'acteur principal du film ""Seul sur Mars""(2015)";Matt Damon|Damon;Films & Séries;
texte;"Quel acteur joue Spiderman dans les films ""The Amazing Spiderman"" ?";Andrew Garfield|Garfield;Films & Séries;
texte;"Quelle actrice joue le rôle de Dora dans le film ""La vie est belle"" (1997)";Nicoletta braschi|Braschi;Films & Séries;
texte;Quelle actrice, oscarisée en 1995, est également devenue princesse de Monaco ?;Grace Kelly|Kelly;Films & Séries;
texte;"Quelle actrice joue le rôle principal dans le film ""Anatomie d'une chute"" (2023)";Sandra Hüller|Sandra Huller|Huller|Hüller;Films & Séries;
texte;"Quelle actrice a joué dans ces films : ""L'Amour Ouf"", ""Pas de vagues"", ""Les pires""";Mallory Wanecque|Wanecque;Films & Séries;
texte;"Quel chanteur connu est incarné par Thimothé Chalamet dans le film ""Un parfait inconnu"" (2024)";Bob Dylan|Dylan;Films & Séries|Musique;
texte;Dans quels films, sortis en 1996 et 2021, peut on voir les basketteurs Michael Jordan et Lebron James ?;Space Jam;Films & Séries|Sport;
texte;"Comment s'appelle la fille de Manny et Ellie dans le Films d'animation ""l'Âge de glace"" ?";Pêche|Peche;Films & Séries|Films d'animation;
texte;"Comment s'appelle la sorcière du film ""Le voyage de Chihiro"" ?";Yubaba;Films & Séries|Films d'animation;
texte;"Comment s'appelle la sœur d'Elsa dans le Films d'animation ""La Reine des Neiges"" ?";Anna;Films & Séries|Films d'animation;
texte;"Qui est le compositeur de musique de film associé aux films de Tim Burton ""L'étrange Noeël de Mr Jack"", ""Edward aux mains d'argent"", ""Charlie et la chocolaterie"" ?";Dany Elfmann|Elfmann;Films & Séries|Musique;
texte;Dans quelle comédie romantique française, sortie en 2013, retrouve-t-on Virginie Effira et Pierre Niney ?;20 ans d'écart|20 ans decart|20 ans d'ecart|20 ans décart|vingt ans d'écart|vingt ans d'ecart|vingt ans décart|vingt ans decart;Films & Séries;
texte;Dans Forrest Gump, de quel sport le personnage principal devient-il champion national ?;Tennis de table|Pingpong|Ping-Pong;Films & Séries;
texte;Dans quel film de comédie musicale, Taylor Swift a-t-elle joué et chanté en 2019 ?;Cats;Films & Séries|Musique;
texte;Dans quel film musical de 1962 les Jets affrontent-ils les Sharks ?;West Side Story;Films & Séries|Musique;
texte;Dans quel film sorti en 1973, Louis de Funès incarne-t-il Victor Pivert ?;Les aventures de Rabbi Jacob|Rabbi Jacob;Films & Séries;
texte;"De quel film est tiré cet extrait : ""Si tu travailles pour vivre, pourquoi te tuer à la tâche ?""";Le bon la brute et le truand|le bon, la brute et le truand|le bon,la brute et le truand;Films & Séries|Citations;
texte;Quel film de Damien Chazelle est inspiré de la vie de Neil Armstrong ?;First Man|FirstMan;Films & Séries;
texte;Quel film a remporté le grand prix du festival de Cannes 1998 ?;La vie est belle;Films & Séries;
texte;Dans Harry Potter, quel personnage s'est évadé de la prison d'Azcaban ?;Sirius Black|Black;Films & Séries|Harry Potter;
texte;"Quel humoriste est l'auteur et le héros de la série ""Bref""";Kyan Khojandi|Khojandi;Films & Séries;
texte;Quelle est la marque du premier balai de course offert à Harry Potter ?;Nimbus 2000|Nimbus deux mille|Nimbus deux-mille;Films & Séries|Harry Potter;
texte;Comment se nomme l'acolyte du Capitaine Crochet ? ;Monsieur Mouche|Mouche;Films & Séries|Films d'animation|Disney;
texte;"Comment se nomme le jeune viking, héros du film ""Dragons""";Harold;Films & Séries|Films d'animation;
texte;Dans quel film retrouve-t-on Marinette Dupain Cheng, plus connue sous le nom de Lady Bug ?;Miraculous|Miraculous le film|Miraculous-le film;Films & Séries|Films d'animation;
texte;Quel film a remporté lea palme d'or du festival de Cannes en 2023 ?;Anatomie d'une chute|Anatomie dune chute;Films & Séries;
texte;Quel personnage cinématographique est fortement inspiré de l'explorateur qui a découvert le Machu Picchu ?;Indiana Jones;Films & Séries;
texte;"Quel acteur incarne le jeune policier David Mills dans le film ""Seven"" ?";Bradd Pitt|Pitt;Films & Séries;
texte;"Quel acteur incarne le pilote Sonny Hayes dans le film ""F1"" ?";Bradd Pitt|Pitt;Films & Séries|Sport;
texte;Quel acteur joue le rôle de Chuck Noland dans le film “Seul au monde” en 2000 ? ;Tom Hanks|Hanks;Films & Séries;
texte;Quel compositeur a composé les films de la saga Star Wars et Indiana Jones ?;Johnn Williams|Williams;Films & Séries|Musique;
texte;Quel compositeur a composé les musiques de Titanic et d’Avatar ?;James Horner|Horner;Films & Séries|Musique;
texte;"Quel Films d'animation a pour titre Québécois ""Les petits pieds du bonheur"" ? ";Happy feet;Films & Séries|Films d'animation;
texte;"Quel film porte le nom de ""Frissons"" au Québec ?";Scream;Films & Séries;
texte;Quel film, sorti en 2002, adapte le roman autobiographique de Wladyslaw Szpilman ?;Le pianiste;Films & Séries;
texte;Quelle actrice est oscarisée en 2005 pour son rôle de Maggie Fitzgerald dans le film Million Dollar Baby ?;Hillary Swank|Swank;Films & Séries;
texte;Quelle chanteuse a été en couple avec Johnny Depp de 1998 à 2012 ?;Vanessa Paradis|Paradis;Films & Séries;
texte;"Qui incarne le personnage d'Astérix dans ""Astérix aux Jeux Olympiques"" ?";Clovis Cornillac|Cornillac;Films & Séries|Astérix;
texte;"Qui incarne le personnage d'Astérix dans ""Astérix et Obélix : Au service de sa majesté"" ?";Edouard Baer|Baer;Films & Séries|Astérix;
texte;"Qui incarne le personnage d'Astérix dans ""Astérix et Obélix : L'Empire du Milieu"" ?";Guillaume Canet|Canet;Films & Séries|Astérix;
texte;"Qui incarne le personnage d'Astérix dans ""Astérix et Obélix contre César"" et dans ""Astérix et Obélix : Mission Cléopatre"" ?";Christian Clavier|Clavier;Films & Séries|Astérix;
texte;Qui joue le rôle de Margaret Thatcher en 2011 dans le film “La Dame de fer” ?;Meryl Streep|Streep;Films & Séries;
texte;Qui joue le rôle de Philippe en 2011 dans le film “Intouchables” ?;François Cluzet|Cluzet|Francois Cluzet;Films & Séries;
texte;"Qui est le réalisateur et acteur principal du film ""La vie est belle"" (1997) ?";Roberto Benigni|Benigni;Films & Séries;
texte;"Qui est le réalisateur du film ""Le Roi Lion"" (2019) ?";John Favreau|Favreau;Films & Séries;
texte;"Qui est le réalisateur du film ""Pulp Fiction"" (1994) ?";Quentin Tarentino|Tarentino;Films & Séries;
texte;"Qui est le réalisateur des films suivants : ""Sinners"", ""Black Panther"", ""Creed""";Ryan Coogler|Coogler;Films & Séries;
texte;"Qui est le réalisateur et acteur principal du film ""Un p'tit truc en plus"" (2024)";Artus;Films & Séries;
texte;"Qui est le réalisateur des films suivants : ""Get out"", ""Us"", ""Monkey Man"" ";Jordan Peele|Peele;Films & Séries;
texte;"Qui est le réalisateur de la série ""Breaking Bad"" ?";Vince Gilligan|Gilligan;Films & Séries;
texte;"Qui est le réalisateur de la trilogie ""Le Parrain"" ?";Francis Ford Coppola|Coppola;Films & Séries;
texte;"Qui est la réalisatrice du film ""Anatomie d'une chute"" (2023)";Justine Triet|Triet|;Films & Séries;
texte;"Sous quel titre le film d'animation ""Cars"" est-t-il sorti au Québec ?";Les Bagnoles;Films & Séries;
texte;Quel studio d'animation a réalisé la série Arcane ?;Fortiche Production|Fortiche;Films & Séries;
texte;"Sur quel super héros est centré le film sorti en 2013 au Québec sous le nom ""L'homme d'acier"" ?";Superman|Super-man;Films & Séries;
texte;Quel chanteur d’origine grecque naturalisé français est connu pour ses tubes « Le Métèque », « Ma solitude » ou « Les Eaux de Mers » ?;George Moustaki|Moustaki;Musique;
texte;Sous quel nom connait-on mieux le chanteur Wouter Otto Levenbach;Dave;Musique;
texte;"Quelle société développe le jeu vidéo ""Football Manager"" ?";Sports Interactive;Jeux Vidéo|Sport;
texte;Quel est le numéro de matricule du tueur à gage dans le jeu vidéo Hitman ?;47;Jeux Vidéo ;
texte;Qui est la première petite amie de Mario, qui apparait dans plusieurs jeux vidéo des séries Donkey Kong et Mario ?;Lady|Pauline;Jeux Vidéo;
texte;Comment se nomme le personnage de l'univers Mario qui se déplace sur un nuage souriant et donne le départ des courses dans la série Mario Kart ?;Lakitu;Jeux Vidéo;
texte;Quelle créature de l'univers de Mario est semblable à un gros boulet métallique et est parfois muni d'une châine et attaché à un piquet ?;Chomp;Jeux Vidéo;
texte;Dans l'univers de Mario, comment appelle-t-on le Koopa dont il ne reste que les os ?;Skelerex;Jeux Vidéo;
texte;Quel ennemi de Mario à l'apparence d'une grosse chenille jaune avec une fleur sur la tête ?;Wiggler;Jeux Vidéo;
texte;Dans l'univers de Mario, quel princesse, amie de Peach, est originaire du royaume de Sarasaland ?;Daisy;Jeux Vidéo;
texte;Qui est le fondateur de Game Freak et le créateur de Pokémon ?;Satoshi Tajiri|Tajiri;Jeux Vidéo;
texte;Quel jeu vidéo, sorti le 24 Avril 2025, est développé par Sandfall Interactive ?;Clair Obscur Expédition 33|Clair obscur|Clair Obscur : Expédition 33|Clair Obscure Expedition 33|Clair Obscur : Expedition 33;Jeux Vidéo;
texte;Qui est le premier vainqueur du Tour de France ?;Maurice Garin|Garin;Sport;
texte;À partir de quelle année les femmes ont-elles pu participer aux Jeux Olympiques ?;1900;Sport;
texte;Quelle équipe a affronté l'Espagne en finale de l'Euro de football en 2024 ?;Angleterre;Sport;
texte;En quelle année a été créé le Tour de France ?;1903;Sport;
texte;En quelle année ont eu lieu les premiers Jeux Paralympiques;1960;Sport;
texte;Quel athlète brittanique est recordman du monde du triple saut (18,29m);Jonathan Edwards|Edwards;Sport;
texte;"Quel coureur néerlandais a endossé la réputation de ""suceur de roues"" d'Eddy Merckx et a remporté le Tour de France en 1980 ?";Joop Zoetemelk|Zoetemelk;Sport;
texte;Quel attaquant a remporté la Copa América en 2011, a été élu meilleur joueur de la coupe du monde 2010 et a aussi été soulier d'or européen en 2005 et 2009 ?;Diego Forlan|Forlan;Sport;
texte;Combien de Ligue des Champions Zinédine Zidan a-t-il gagné en temps qu'entraineur ?;3;Sport;
texte;Quel coureur cycliste Belge détient le plus grand nombre de victoires sur les courses classiques Belges (13) ?;Eddy Merckx|Merckx;Sport;
texte;Quelle course classique Belge part en alternance d'Anvers et se termine à Audenarde (Oudenaarde) ?;Tour des Flandres|Le Tour des Flandres;Sport;
texte;Qui a créé les Jeux Olympiques modernes ?;Pierre de Coubertin|de Coubertin|Coubertin;Sport;
texte;Au cyclisme, au tour d'Espagne, quelle est la couleur du maillot de leader ?;Rouge;Sport;
texte;Au cyclisme, au tour d'Italie, quelle est la couleur du maillot de leader ?;Rose ;Sport;
texte;"Quel coureur cycliste Belge est surnommé ""Le Cannibale"" ?";Eddy Merckx|Merckx;Sport;
texte;Quel coureur cycliste Espagnol est le seul à avoire remporté 5 fois le tour de France consécutivement ?;Miguel Indurain|Indurain;Sport;
texte;"Quel coureur cycliste est surnommé ""Le Blaireau"" ?";Bernard Hinault|Hinault;Sport;
texte;Dans quelle ville se sont déroulés les jeux olympiques de 1900 ?;Paris;Sport;
texte;En quelle année ont eu lieu les premiers Jeux Olympiques Modernes ?;1896;Sport;
texte;En quelle année a eu lieu le premier passage des Jeux Olympiques en Angleterre ?;1908;Sport;
texte;En quelle année Lionel Messi a-t-il remporté son premier ballon d'or ?;2009;Sport;
texte;Quelle est la nationalité du tennisman Novak Djokovic ?;Serbe;Sport;
texte;De quelle nationalité est le tennisman Joao Fonseca ?;Brésilien|Brésilienne|Bresilien|Bresilienne;Sport;
texte;Quelle est la distance d'un Marathon en kilmoètres ?;42,195;Sport;
texte;En 2020, contre quel club le Paris Saint Germin perd-il la finale de la Ligue des Champions ?;Bayern|Munich|Bayern Munich|Bayern de Munich;Sport;
texte;Quel gardien de but brésilien du Sao Paulo FC a inscrit 132 buts dans sa carrière ?;Rogerio Ceni|Ceni;Sport;
texte;Quel gardien de but Paraguayen était spécialiste des coup francs et tirs au but ?;José Luis Chilavert|Chilavert|Luis Chilavert;Sport;
texte;Comment se nomme le court central de Rolland Garros ?;Philippe Chatrier|Chatrier;Sport;
texte;Quel numéro a porté Kyllian Mbappe au PSG entre 2021 et 2024 ?;7;Sport;
texte;Dans quel pays s'est déroulé l'Euro de football en 2024 ?;Allemagne;Sport;
texte;"Pour quel événement la chanson ""Waka Waka"" a-t-elle été l'hymne officiel ?";Coupe du monde 2010|CDM 2010|Coupe du monde de football 2010;Sport|Musique;
texte;"Qui est le premier athlète européen à franchir la barrière des 10 secondes au 100m et est surnommé ""Le Sphinx"" ?";Linford Christie|Christie;Sport;
texte;Quel est le premier club professionnel de Zinédine Zidane ?;AS Cannes|Cannes;Sport;
texte;Qui est le premier coureur cycliste à avoir remporté 5 fois le tour de France ?;Jacques Anquetil|Anquetil;Sport;
texte;Qui est la première coureur française à remport le Paris Roubaix féminin ?;Pauline Ferrand Prevot|Ferrand-Prevot|Ferrand Prevot|Pauline Ferrand-Prevot;Sport;
texte;Quel est le premier tournoi du Grand Chelem remporté en 2008 par Novak Djokovic face à Jo Wilfried Tsonga ?;US Open;Sport;
texte;"Quel footballeur a prononcé ""S'ils peuvent remplacer la tour Eiffel par ma statue, je resterai"" en 2016 ?";Zlatan Ibrahimovic|Ibrahimovic;Sport;
texte;Quel joueur est l'effigie du logo de la NBA ?;Jerry West;Sport;
texte;Quel maillot du Tour de France est porté pour la première fois en 1919 par Eugène Christophe ?;Maillot Jaune|Jaune;Sport;
texte;Quel numéro de maillot Zinédine Zidane a-t-il porté lors de son passage au Real Madrid ?;5;Sport;
texte;"Quelle course cycliste à étape est surnommée ""La Course au soleil"" ?";Paris Nice|Paris-Nice;Sport;
texte;Quelle franchise a remporté son premier titre de champion NBA lors de la saison 2023 ?;Denver Nuggets|Denver|Nuggets;Sport;
texte;"Quelle joueuse de tennis décédée en 1938 est surnommée ""La Divine"" ?";Suzanne Lenglen|Lenglen;Sport;
texte;Qui a entraîné l’équipe de France de football de 2004 à 2010 ? ;Raymond Domenech|Domenech;Sport;
texte;Qui devient le premier champion du monde de l’histoire de la F1 en 1950 ?;Giuseppe Farina|Farina;Sport;
texte;Qui est le premier entraineur à remporter LDC, Europa League, Europa Conference League ?;José Mourinho|Mourinho;Sport;
texte;Dans quel sport peut-on retrouver la coupe Stanley ?;Hockey sur glace;Sport;
texte;Quel est le temps en seconde du records du monde du 100m réalisé par Usain Bolt ?;9,58;Sport;
texte;Quelle est la ville de naissance de Lionel Messi ?;Rosario;Sport;
image;2001_l'odyssee_de_l'espace.jpg;2001 L'odyssée de l'espace|2001|L'odyssée de l'espace|2001 lodyssee de lespace|2001 lodysse de l'espace|2001 l'odyssee de lespace|lodyssee de lespace|lodyssée de lespace|l'odysée de lespace|lodysee de l'espace;Films & Séries|Image de Film;Quel est ce film ?
image;babylon.jpg;Babylon;Films & Séries|Image de Film;Quel est ce film ?
image;black_swan.jpg;Black Swan;Films & Séries|Image de Film;Quel est ce film ?
image;drive.jpg;Drive;Films & Séries|Image de Film;Quel est ce film ?
image;eternal_sunshine_of_the_spotless_mind.jpg;Eternal sunshine of the spotless mind;Films & Séries|Image de Film;Quel est ce film ?
image;fight_club.jpg;Fight Club;Films & Séries|Image de Film;Quel est ce film ?
image;fight_club2.jpg;Fight Club;Films & Séries|Image de Film;Quel est ce film ?
image;first_man.jpg;First Man|FirstMan;Films & Séries|Image de Film;Quel est ce film ?
image;forrest_gump.jpg;Forrest Gump;Films & Séries|Image de Film;Quel est ce film ?
image;inception.jpg;Inception;Films & Séries|Image de Film;Quel est ce film ?
image;inception2.jpg;Inception;Films & Séries|Image de Film;Quel est ce film ?
image;inglorious_basterds.jpg;Inglorious Basterds;Films & Séries|Image de Film;Quel est ce film ?
image;inglorious_basterds2.jpg;Inglorious Basterds;Films & Séries|Image de Film;Quel est ce film ?
image;la_liste_de_shindler.jpg;la liste de shindler|liste de shindler;Films & Séries|Image de Film;Quel est ce film ?
image;les_evades.jpg;les evades|les évadés|les évades|les evadés|the shawshank redemption;Films & Séries|Image de Film;Quel est ce film ?
image;l'etrange_noel_de_monsieur_jack.jpg;l'étrange noel de monsieur jack|l'etrange noel de monsieur jack|l'étrange Noël de monsieur Jack|letrangenoeldemonsieurjack;Films & Séries|Image de Film;Quel est ce film ?
image;parasite.jpg;parasite;Films & Séries|Image de Film;Quel est ce film ?
image;pulp_fiction.jpg;pulp fiction;Films & Séries|Image de Film;Quel est ce film ?
image;se7en.jpg;se7en|seven;Films & Séries|Image de Film;Quel est ce film ?
image;shaun_of_the_dead.jpg;shaun of the dead;Films & Séries|Image de Film;Quel est ce film ?
image;star_wars.jpg;star wars|la revanche des siths;Films & Séries|Image de Film;Quel est ce film ?
image;star_wars2.jpg;star wars|la menace fantome|la menace fantôme;Films & Séries|Image de Film;Quel est ce film ?
image;the_shining.jpg;the shining|shining;Films & Séries|Image de Film;Quel est ce film ?
image;the_truman_show.jpg;the truman show|truman show;Films & Séries|Image de Film;Quel est ce film ?
image;whiplash.jpg;whiplash;Films & Séries|Image de Film;Quel est ce film ?
