{
    "Cin\u00e9ma": [
        {
            "nom": "TrackBow",
            "score": 18
        },
        {
            "nom": "TrackBow",
            "score": 1
        },
        {
            "nom": "TrackBow",
            "score": 1
        }
    ],
    "Image de Film": [
        {
            "nom": "TrackGOAT",
            "score": 25
        },
        {
            "nom": "Track",
            "score": 1
        },
        {
            "nom": "Track",
            "score": 1
        }
    ],
    "Tous les th\u00e8mes": [
        {
            "nom": "TrackBow",
            "score": 35
        },
        {
            "nom": "Lib\u00e9rerTrack",
            "score": 28
        },
        {
            "nom": "TrackBow",
            "score": 10
        }
    ],
    "Films & S\u00e9ries": [
        {
            "nom": "Track",
            "score": 27
        }
    ],
    "Musique": [
        {
            "nom": "track",
            "score": 8
        }
    ],
    "Harry Potter": [
        {
            "nom": "a",
            "score": 1
        }
    ]
}